{"database": [{"name": "ada", "email": "adwa", "password": "awdaw", "number": 213132}, {"name": "afa", "email": "adwa", "password": "awdaw", "number": 213132}, {"name": "ava", "email": "wdqwd", "password": "qdwa", "number": 1231}, {"name": "Abhishe", "email": "abh", "password": "abhi", "number": 1232}, {"name": "Abhishek", "email": "abhishek", "password": "adbjk", "number": 1312}, {"name": "Abhishek", "email": "abhishekbankar15", "password": "abhishek", "number": 12345}, {"name": "Abhishek", "email": "abdjbaj", "password": "adkjabwd", "number": 13131}, {"name": "Abhishek", "email": "abhishek12", "password": "abhi", "number": 12345678}]}